[{"input":"15\nrxeeeeeeeeeeeer\nereeeeeeeeeeere\needeeeeeeeeeoee\neeereeeeeeeewee\neeeereeeeebeeee\nqeeeereeejedyee\neeeeeerereeeeee\neeeeeeereeeeeee\neeeeeerereeeeze\neeeeereeereeeee\neeeereeeeegeeee\neeereeeeeeereee\neereeeeeeqeeved\ncreeeeeeceeeere\nreeerneeeeeeeer\n","output":"NO\n"},{"input":"7\nbwccccb\nckcccbj\nccbcbcc\ncccbccc\nccbcbcc\ncbcccbc\nbccccdt\n","output":"NO\n"},{"input":"5\nxooox\noxoxo\nsoxoo\noxoxo\nxooox\n","output":"NO\n"},{"input":"13\nsooooooooooos\nosoooooooooso\noosooooooosoo\nooosooooosooo\noooosooosoooo\nooooososooooo\noooooosoooooo\nooooososooooo\noooosooosoooo\nooosooooosooo\noosooooooosoo\nosoooooooooso\nsooooooooooos\n","output":"YES\n"},{"input":"3\naaa\naaa\naaa\n","output":"NO\n"},{"input":"5\nliiil\nilili\niilii\nilili\nliiil\n","output":"YES\n"},{"input":"5\nxxxxx\nxxxxx\nxxxxx\nxxxxx\nxxxxx\n","output":"NO\n"},{"input":"3\naca\noec\nzba\n","output":"NO\n"},{"input":"3\nwsw\nsws\nwsw\n","output":"YES\n"},{"input":"3\nxpx\npxp\nxpe\n","output":"NO\n"}]