[{"input":"[\"cat\",\"cats\",\"catsdogcats\",\"dog\",\"dogcatsdog\",\"hippopotamuses\",\"rat\",\"ratcatdogcat\",\"rabbitttt\",\"resultsly\",\"funkystyle\"]","output":"[\u0027catsdogcats\u0027, \u0027dogcatsdog\u0027, \u0027ratcatdogcat\u0027]\n"},{"input":"[\"cat\",\"cats\",\"catsdogcats\",\"dog\",\"dogcatsdog\",\"hippopotamuses\",\"rat\",\"ratcatdogcat\"]","output":"[\u0027catsdogcats\u0027, \u0027dogcatsdog\u0027, \u0027ratcatdogcat\u0027]\n"},{"input":"[\"cat\",\"cats\",\"catsdogcats\",\"dog\",\"dogcatsdog\",\"hippopotamuses\",\"rat\",\"ratcatdogcat\",\"rabbitttt\",\"resultsly\"]","output":"[\u0027catsdogcats\u0027, \u0027dogcatsdog\u0027, \u0027ratcatdogcat\u0027]\n"},{"input":"[\"cat\",\"cats\",\"dog\",\"dogcatsdog\",\"hippopotamuses\",\"rat\",\"ratcatdogcat\",\"rabbitttt\",\"resultsly\",\"funkystyle\"]","output":"[\u0027dogcatsdog\u0027, \u0027ratcatdogcat\u0027]\n"},{"input":"[\"cat\",\"cats\",\"catsdogcats\",\"dog\",\"dogcatsdog\",\"hippopotamuses\",\"rat\",\"ratcatdogcat\",\"rabbitttt\"]","output":"[\u0027catsdogcats\u0027, \u0027dogcatsdog\u0027, \u0027ratcatdogcat\u0027]\n"}]