[{"input":"3\n5\nU 1 R 1 R 1 R 1 R 0\n5\nU 5 L 5 R 5 D 5 R 6\n4\nU 1 U 1 U 2 D 1","output":"0 N\n12 W\n3 S\n"},{"input":"3\n5\nU 1 R 1 R 1 R 1 R 0\n5\nU 5 L 5 R 5 D 5 R 6\n4\nU 1 U 1 U 2 D 2","output":"0 N\n12 W\n2 S\n"},{"input":"3\n5\nU 1 R 1 R 1 R 1 R 0\n5\nU 5 L 5 R 5 D 5 R 6\n4\nU 4 U 3 U 2 D 2","output":"0 N\n12 W\n7 S\n"},{"input":"3\n5\nU 1 R 1 R 1 R 1 R 0\n5\nU 5 L 5 R 5 D 5 R 5\n4\nU 1 U 1 U 2 D 1","output":"0 N\n11 W\n3 S\n"},{"input":"3\n5\nU 1 R 1 R 1 R 1 R 0\n5\nU 5 L 5 R 5 D 5 R 6\n4\nU 1 U 3 U 2 D 2","output":"0 N\n12 W\n4 S\n"}]