[
    {
        "input": "5\n1 2 3 0 3\n",
        "output": "2\n"
    },
    {
        "input": "4\n0 1 -1 0\n",
        "output": "1\n"
    },
    {
        "input": "3\n3 3 3\n",
        "output": "1\n"
    },
    {
        "input": "10\n1 0 0 0 1 1 1 0 1 1\n",
        "output": "2\n"
    },
    {
        "input": "39\n-57 -46 -17 75 49 69 96 25 9 -70 -21 62 -31 77 -20 -38 86 63 -30 -59 76 -84 -76 77 -22 -96 -78 74 -77 41 -37 94 90 -23 92 52 68 -62 23\n",
        "output": "0\n"
    },
    {
        "input": "9\n0 0 0 0 0 0 0 0 0\n",
        "output": "28\n"
    },
    {
        "input": "100\n1 0 0 0 0 0 0 0 0 0 0 0 0 0 0 0 0 0 0 0 0 0 0 0 0 0 0 0 0 1 0 0 0 0 0 0 0 0 0 0 0 0 0 0 0 0 0 0 0 0 0 0 0 0 0 0 0 0 0 0 0 0 0 0 0 0 0 0 0 0 0 0 0 0 0 0 0 0 0 0 0 0 0 0 0 0 0 0 0 0 0 0 0 0 0 0 0 0 0 1\n",
        "output": "2030\n"
    },
    {
        "input": "77\n-70 -66 -68 -30 81 -85 41 -3 33 65 -45 -85 -75 56 -95 -97 96 28 -26 5 -42 -39 -10 -9 -14 -2 47 -61 -12 74 -17 68 23 -87 -66 -22 84 90 -66 9 -34 67 33 97 67 68 -71 89 -30 -27 -76 -80 -1 -3 -86 -90 82 0 29 82 -97 -35 -48 -92 95 93 -90 -90 -15 4 -9 -99 -28 67 43 -72 100\n",
        "output": "0\n"
    },
    {
        "input": "5\n3 3 -3 3 3\n",
        "output": "3\n"
    },
    {
        "input": "56\n-94 -10 -51 75 -61 43 -91 0 -50 99 -91 -99 40 -34 -100 22 68 94 54 81 -70 18 -53 53 -72 -5 -88 -80 66 64 86 47 -95 -3 58 46 88 27 16 -74 -13 18 -39 94 -23 -22 -1 35 -43 17 46 -76 56 81 -23 29\n",
        "output": "0\n"
    }
]