[{"input":"6\nab\nbc\ncd\nda\naa\ncc\nadacadbcbcsdcd\n0","output":"2\nbc\n"},{"input":"6\nab\nbc\ncd\nda\naa\ncc\nadacadaaaa\n0","output":"3\naa\n"},{"input":"2\naba\nbab\nababababac\n6\nbeta\nalpha\nhaha\ndelta\ndede\ntata\ndedeltalphahahahototatalpha\n0","output":"4\naba\n2\nalpha\nhaha\n"},{"input":"6\na\nb\nc\nd\naa\ncc\nadsdsacdddaa\n0","output":"5\nd\n"},{"input":"2\naba\nbab\nababababac\n6\nbeta\nalpha\nhaha\ndelta\ndede\ntata\ndedeltalphah\n0","output":"4\naba\n1\nalpha\ndelta\ndede\n"}]