[{"input":"[\n  [\"1\",\"0\",\"1\",\"0\",\"0\"],\n  [\"1\",\"0\",\"1\",\"1\",\"1\"],\n  [\"1\",\"1\",\"1\",\"1\",\"1\"],\n  [\"1\",\"0\",\"0\",\"1\",\"0\"]\n]","output":"6\n"},{"input":"[\n  [\"1\",\"0\",\"1\",\"0\",\"0\"],\n  [\"1\",\"0\",\"1\",\"1\",\"1\"],\n  [\"1\",\"0\",\"1\",\"1\",\"1\"],\n  [\"1\",\"0\",\"0\",\"0\",\"0\"]\n]","output":"6\n"},{"input":"[\n  [\"0\",\"0\",\"1\",\"0\",\"0\"],\n  [\"0\",\"0\",\"1\",\"1\",\"1\"],\n  [\"1\",\"0\",\"1\",\"1\",\"1\"],\n  [\"1\",\"0\",\"0\",\"1\",\"0\"]\n]","output":"6\n"},{"input":"[\n  [\"1\",\"0\",\"1\",\"0\",\"0\"],\n  [\"0\",\"0\",\"1\",\"1\",\"1\"],\n  [\"1\",\"0\",\"1\",\"1\",\"1\"],\n  [\"1\",\"0\",\"0\",\"1\",\"0\"]\n]","output":"6\n"},{"input":"[\n  [\"1\",\"0\",\"1\",\"0\",\"0\"],\n  [\"1\",\"0\",\"1\",\"1\",\"1\"],\n  [\"1\",\"0\",\"1\",\"1\",\"1\"],\n  [\"1\",\"0\",\"0\",\"1\",\"0\"]\n]","output":"6\n"}]