[{"input":"1\n4\n0\n0","output":"[[0, 0], [0, 1], [0, 2], [0, 3]]\n"},{"input":"5\n6\n1\n4","output":"[[1, 4], [1, 5], [2, 5], [2, 4], [2, 3], [1, 3], [0, 3], [0, 4], [0, 5], [3, 5], [3, 4], [3, 3], [3, 2], [2, 2], [1, 2], [0, 2], [4, 5], [4, 4], [4, 3], [4, 2], [4, 1], [3, 1], [2, 1], [1, 1], [0, 1], [4, 0], [3, 0], [2, 0], [1, 0], [0, 0]]\n"},{"input":"5\n4\n3\n2","output":"[[3, 2], [3, 3], [4, 3], [4, 2], [4, 1], [3, 1], [2, 1], [2, 2], [2, 3], [4, 0], [3, 0], [2, 0], [1, 0], [1, 1], [1, 2], [1, 3], [0, 0], [0, 1], [0, 2], [0, 3]]\n"},{"input":"1\n1\n1\n1","output":"[[1, 1]]\n"}]