[{"input":"[2,105,3,1,3,2,4,6,9,2,19,100]\n[2,1,4,3,9]","output":"[2, 2, 2, 1, 4, 3, 3, 9, 6, 19, 100, 105]\n"},{"input":"[2,3,1,3,2,4,6,7,9,2,19,100]\n[2,1,4,3,9]","output":"[2, 2, 2, 1, 4, 3, 3, 9, 6, 7, 19, 100]\n"},{"input":"[2,3,1,3,2,4,6,7,9,2,19]\n[2,1,4,3,9,6]","output":"[2, 2, 2, 1, 4, 3, 3, 9, 6, 7, 19]\n"},{"input":"[2,3,1,3,2,4,6,7,9,2,19,100]\n[2,1,4,3,9,6]","output":"[2, 2, 2, 1, 4, 3, 3, 9, 6, 7, 19, 100]\n"},{"input":"[2,3,1,3,2,4,6,9,2,19,100]\n[2,1,4,3,9]","output":"[2, 2, 2, 1, 4, 3, 3, 9, 6, 19, 100]\n"}]