[{"input":"2\n7\n1 2 3 4 5 6 7\n8\n7\n1 2 3 4 5 6 7\n8","output":"1 7 8\n2 6 8\n3 5 8\n1 7 8\n2 6 8\n3 5 8\n"},{"input":"2\n7\n1 2 3 4 5 6 7\n5\n7\n1 2 3 4 5 6 7\n89","output":"1 4 5\n2 3 5\n-1\n"},{"input":"2\n7\n1 2 3 4 5 6 7\n5\n7\n1 2 3 4 5 6 7\n8","output":"1 4 5\n2 3 5\n1 7 8\n2 6 8\n3 5 8\n"},{"input":"2\n7\n1 2 3 4 5 6 7\n98\n7\n1 2 3 4 5 6 7\n8","output":"-1\n1 7 8\n2 6 8\n3 5 8\n"},{"input":"2\n7\n1 2 3 4 5 6 7\n7\n7\n1 2 3 4 5 6 7\n8","output":"1 6 7\n2 5 7\n3 4 7\n1 7 8\n2 6 8\n3 5 8\n"}]