[{"input":"2\n3","output":"[3, 2, 0, 1]\n"},{"input":"3\n2","output":"[2, 6, 7, 5, 4, 0, 1, 3]\n"},{"input":"3\n4","output":"[4, 0, 1, 3, 2, 6, 7, 5]\n"},{"input":"5\n3","output":"[3, 2, 6, 7, 5, 4, 12, 13, 15, 14, 10, 11, 9, 8, 24, 25, 27, 26, 30, 31, 29, 28, 20, 21, 23, 22, 18, 19, 17, 16, 0, 1]\n"},{"input":"6\n2","output":"[2, 6, 7, 5, 4, 12, 13, 15, 14, 10, 11, 9, 8, 24, 25, 27, 26, 30, 31, 29, 28, 20, 21, 23, 22, 18, 19, 17, 16, 48, 49, 51, 50, 54, 55, 53, 52, 60, 61, 63, 62, 58, 59, 57, 56, 40, 41, 43, 42, 46, 47, 45, 44, 36, 37, 39, 38, 34, 35, 33, 32, 0, 1, 3]\n"}]