[{"input":"6\nILove\n1 Luogu\n2 5 5\n3 3 gasd\n4 gu\n1 123143141\n2 4 9","output":"ILoveLuogu\nLuogu\nLuogasdgu\n7\nLuogasdgu123143141\nasdgu1231\n"},{"input":"4\nILove\n1 Luogu\n2 5 5\n3 3 guGugu\n4 gu","output":"ILoveLuogu\nLuogu\nLuoguGugugu\n3\n"},{"input":"6\nILove\n1 Luogu\n2 5 5\n3 3 guGugu\n4 gu\n1 123143141\n2 4 9","output":"ILoveLuogu\nLuogu\nLuoguGugugu\n3\nLuoguGugugu123143141\nuGugugu12\n"},{"input":"5\nILove\n1 Luogu\n2 5 5\n3 3 guGugu\n4 gu\n1 123143141","output":"ILoveLuogu\nLuogu\nLuoguGugugu\n3\nLuoguGugugu123143141\n"}]