[{"input":"100 98\n28\n0 98\n1 99\n2 100\n98 0\n99 1\n100 2\n83 12\n83 13\n83 14\n83 15\n83 16\n83 17\n83 18\n83 19\n83 20\n83 21\n83 22\n35 60\n36 60\n37 60\n38 60\n39 60\n40 60\n41 60\n42 60\n43 60\n44 60\n45 60\n","output":"YES\nYES\nYES\nYES\nYES\nYES\nNO\nNO\nNO\nYES\nYES\nYES\nYES\nYES\nNO\nNO\nNO\nNO\nNO\nNO\nYES\nYES\nYES\nYES\nYES\nNO\nNO\nNO\n"},{"input":"7 2\n4\n2 4\n4 1\n6 3\n4 5\n","output":"YES\nNO\nNO\nYES\n"},{"input":"2 1\n13\n0 0\n0 1\n0 2\n1 0\n1 1\n1 2\n2 0\n2 1\n2 2\n0 0\n0 0\n2 2\n2 2\n","output":"NO\nYES\nNO\nYES\nYES\nYES\nNO\nYES\nNO\nNO\nNO\nNO\nNO\n"},{"input":"8 7\n4\n4 4\n2 8\n8 1\n6 1\n","output":"YES\nNO\nYES\nYES\n"},{"input":"100 1\n32\n0 1\n1 0\n100 99\n99 100\n96 94\n96 95\n96 96\n96 97\n96 98\n30 27\n30 28\n30 29\n30 30\n30 31\n30 32\n30 33\n37 40\n38 40\n39 40\n40 40\n41 40\n42 40\n43 40\n59 62\n60 62\n61 62\n62 62\n63 62\n64 62\n65 62\n100 0\n0 100\n","output":"YES\nYES\nYES\nYES\nNO\nYES\nYES\nYES\nNO\nNO\nNO\nYES\nYES\nYES\nNO\nNO\nNO\nNO\nYES\nYES\nYES\nNO\nNO\nNO\nNO\nYES\nYES\nYES\nNO\nNO\nNO\nNO\n"}]