[{"input":"3\n7\n3, 4, 7, 1, 2, 9, 8\n6\n424 12 31 17 36 30 \n4\n241 23 17 14 ","output":"0 2 3 5\n1 4 2 3\nno pairs\n"},{"input":"3\n7\n3, 4, 7, 1, 2, 9, 8\n6\n424 12 31 7 6 30 \n4\n241 23 7 14 ","output":"0 2 3 5\n2 4 3 5\nno pairs\n"},{"input":"3\n7\n3, 4, 7, 1, 2, 9, 8\n6\n424 12 31 7 36 30 \n4\n241 23 17 14 ","output":"0 2 3 5\n1 2 3 4\nno pairs\n"},{"input":"3\n7\n3, 4, 7, 11, 2, 9, 8\n6\n424 12 31 17 36 30 \n4\n241 23 17 14 ","output":"0 2 4 6\n1 4 2 3\nno pairs\n"},{"input":"3\n7\n3, 4, 7, 1, 2, 9, 8\n6\n424 12 31 7 6 30 \n4\n241 23 17 14 ","output":"0 2 3 5\n2 4 3 5\nno pairs\n"}]