[{"input":"2\n1 1 10 1\n1 2 10 2\n10 0 0 10\n0 0 10 10","output":"0\n1\n"},{"input":"2\n1 1 10 1\n1 2 10 2\n10 0 0 18\n0 0 10 10","output":"0\n1\n"},{"input":"2\n1 1 10 1\n1 2 6 2\n10 0 0 18\n0 0 1 1","output":"0\n0\n"},{"input":"2\n1 1 10 1\n1 2 10 2\n10 0 0 18\n0 0 1 1","output":"0\n0\n"},{"input":"2\n-1 -1 10 1\n1 2 16 12\n10 0 0 18\n0 0 1 1","output":"0\n0\n"},{"input":"2\n-1 -1 10 1\n1 2 6 12\n10 0 0 18\n0 0 1 1","output":"0\n0\n"},{"input":"2\n-1 -1 10 1\n1 2 6 2\n10 0 0 18\n0 0 1 1","output":"0\n0\n"}]