[{"input":"10\n1 2 2 3 4 4 4 2 2 2\n","output":"8\n"},{"input":"11\n2 2 2 2 2 2 2 2 2 2 99\n","output":"1\n"},{"input":"28\n34 6 1 54 61 46 57 75 61 53 68 13 100 14 75 63 23 75 39 44 48 44 19 87 6 32 96 37\n","output":"15\n"},{"input":"12\n44 61 33 38 1 37 24 84 82 87 50 16\n","output":"5\n"},{"input":"12\n44 84 68 91 48 64 36 89 28 98 68 65\n","output":"3\n"},{"input":"1\n1\n","output":"1\n"},{"input":"10\n80 2 2 2 2 2 2 2 99 81\n","output":"8\n"},{"input":"6\n45 81 32 92 9 94\n","output":"3\n"},{"input":"3\n1 2 3\n","output":"1\n"},{"input":"8\n35 80 63 47 23 51 48 43\n","output":"2\n"}]