[
  {
    "input": "10\n10\n13\n7\n14\n20\n8\n13\n10\n14\n9\n10 9\n9 4\n4 5\n3 5\n1 3\n6 1\n7 6\n8 6\n5 2\n0 0",
    "output": "69"
  },
  {
    "input": "7\n1\n2\n3\n4\n5\n6\n7\n1 3\n2 3\n6 4\n7 4\n4 5\n3 5\n0 0",
    "output": "21"
  },
  {
    "input": "10\n10\n5\n7\n3\n2\n8\n9\n3\n14\n5\n3 1\n1 6\n6 7\n6 8\n3 5\n5 2\n5 4\n4 9\n9 10\n0 0",
    "output": "12"
  },
  {
    "input": "10\n10\n13\n7\n3\n20\n8\n13\n10\n14\n9\n3 1\n1 6\n6 7\n6 8\n3 5\n5 2\n5 4\n4 9\n9 10\n0 0",
    "output": "20"
  },
  {
    "input": "10\n10\n13\n7\n3\n20\n8\n9\n3\n14\n5\n3 1\n1 6\n6 7\n6 8\n3 5\n5 2\n5 4\n4 9\n9 10\n0 0",
    "output": "20"
  },
  {
    "input": "7\n1\n1\n1\n1\n1\n1\n1\n1 3\n2 3\n6 4\n7 4\n4 5\n3 5\n0 0",
    "output": "5"
  }
]
