[{"input":"10 1\n1 2 3\n2 4 5\n4 9 0\n9 0 0\n5 0 10\n10 0 0\n3 6 7\n6 0 0\n7 8 0\n8 0 0\n3\n5 2\n9 10\n9 5","output":"2\n2\n2\n"},{"input":"10 1\n1 2 3\n2 4 5\n4 9 0\n9 0 0\n5 0 10\n10 0 0\n3 6 7\n6 0 0\n7 8 0\n8 0 0\n1\n5 2","output":"2\n"},{"input":"8 1\n1 2 3\n2 4 5\n4 0 0\n5 0 0\n3 6 7\n6 0 0\n7 8 0\n8 0 0\n1\n5 2","output":"2\n"},{"input":"8 1\n1 2 3\n2 4 5\n4 0 0\n5 0 0\n3 6 7\n6 0 0\n7 8 0\n8 0 0\n4\n4 5\n5 2\n6 8\n5 8","output":"2\n2\n3\n1\n"},{"input":"10 1\n1 2 3\n2 4 5\n4 9 0\n9 0 0\n5 0 10\n10 0 0\n3 6 7\n6 0 0\n7 8 0\n8 0 0\n3\n5 2\n9 10\n9 8","output":"2\n2\n1\n"}]