[{"input":"5\n2 10 50 110 250\n","output":"1\n"},{"input":"10\n1 2 5 6 7 10 21 23 24 49\n","output":"4\n"},{"input":"6\n4 7 12 100 150 199\n","output":"3\n"},{"input":"4\n1 2 4 8\n","output":"4\n"},{"input":"9\n4 6 9 12 100 150 200 400 800\n","output":"5\n"},{"input":"2\n1 2\n","output":"2\n"},{"input":"10\n1 2 5 11 12 24 25 26 27 28\n","output":"7\n"},{"input":"9\n1 2 3 7 8 20 21 22 23\n","output":"4\n"},{"input":"7\n4 7 12 100 150 300 600\n","output":"4\n"},{"input":"1\n1000000000\n","output":"1\n"}]