[{"input":"19\n","output":"*********D*********\n********DDD********\n*******DDDDD*******\n******DDDDDDD******\n*****DDDDDDDDD*****\n****DDDDDDDDDDD****\n***DDDDDDDDDDDDD***\n**DDDDDDDDDDDDDDD**\n*DDDDDDDDDDDDDDDDD*\nDDDDDDDDDDDDDDDDDDD\n*DDDDDDDDDDDDDDDDD*\n**DDDDDDDDDDDDDDD**\n***DDDDDDDDDDDDD***\n****DDDDDDDDDDD****\n*****DDDDDDDDD*****\n******DDDDDDD******\n*******DDDDD*******\n********DDD********\n*********D*********\n"},{"input":"7\n","output":"***D***\n**DDD**\n*DDDDD*\nDDDDDDD\n*DDDDD*\n**DDD**\n***D***\n"},{"input":"29\n","output":"**************D**************\n*************DDD*************\n************DDDDD************\n***********DDDDDDD***********\n**********DDDDDDDDD**********\n*********DDDDDDDDDDD*********\n********DDDDDDDDDDDDD********\n*******DDDDDDDDDDDDDDD*******\n******DDDDDDDDDDDDDDDDD******\n*****DDDDDDDDDDDDDDDDDDD*****\n****DDDDDDDDDDDDDDDDDDDDD****\n***DDDDDDDDDDDDDDDDDDDDDDD***\n**DDDDDDDDDDDDDDDDDDDDDDDDD**\n*DDDDDDDDDDDDDDDDDDDDDDDDDDD*\nDDDDDDDDDDDDDDDDDDDDDDDDDDDDD\n*DDDDDDDDDDDDDDDDDDDDDDDDDDD*\n**DDDDDDDDDDDDDDDDDDDDDDDDD**\n***DDDDDDDDDDDDDDDDDDDDDDD***\n****DDDDDDDDDDDDDDDDDDDDD****\n*****DDDDDDDDDDDDDDDDDDD*****\n******DDDDDDDDDDDDDDDDD******\n*******DDDDDDDDDDDDDDD*******\n********DDDDDDDDDDDDD********\n*********DDDDDDDDDDD*********\n**********DDDDDDDDD**********\n***********DDDDDDD***********\n************DDDDD************\n*************DDD*************\n**************D**************\n"},{"input":"17\n","output":"********D********\n*******DDD*******\n******DDDDD******\n*****DDDDDDD*****\n****DDDDDDDDD****\n***DDDDDDDDDDD***\n**DDDDDDDDDDDDD**\n*DDDDDDDDDDDDDDD*\nDDDDDDDDDDDDDDDDD\n*DDDDDDDDDDDDDDD*\n**DDDDDDDDDDDDD**\n***DDDDDDDDDDD***\n****DDDDDDDDD****\n*****DDDDDDD*****\n******DDDDD******\n*******DDD*******\n********D********\n"},{"input":"5\n","output":"**D**\n*DDD*\nDDDDD\n*DDD*\n**D**\n"},{"input":"3\n","output":"*D*\nDDD\n*D*\n"},{"input":"13\n","output":"******D******\n*****DDD*****\n****DDDDD****\n***DDDDDDD***\n**DDDDDDDDD**\n*DDDDDDDDDDD*\nDDDDDDDDDDDDD\n*DDDDDDDDDDD*\n**DDDDDDDDD**\n***DDDDDDD***\n****DDDDD****\n*****DDD*****\n******D******\n"},{"input":"23\n","output":"***********D***********\n**********DDD**********\n*********DDDDD*********\n********DDDDDDD********\n*******DDDDDDDDD*******\n******DDDDDDDDDDD******\n*****DDDDDDDDDDDDD*****\n****DDDDDDDDDDDDDDD****\n***DDDDDDDDDDDDDDDDD***\n**DDDDDDDDDDDDDDDDDDD**\n*DDDDDDDDDDDDDDDDDDDDD*\nDDDDDDDDDDDDDDDDDDDDDDD\n*DDDDDDDDDDDDDDDDDDDDD*\n**DDDDDDDDDDDDDDDDDDD**\n***DDDDDDDDDDDDDDDDD***\n****DDDDDDDDDDDDDDD****\n*****DDDDDDDDDDDDD*****\n******DDDDDDDDDDD******\n*******DDDDDDDDD*******\n********DDDDDDD********\n*********DDDDD*********\n**********DDD**********\n***********D***********\n"},{"input":"11\n","output":"*****D*****\n****DDD****\n***DDDDD***\n**DDDDDDD**\n*DDDDDDDDD*\nDDDDDDDDDDD\n*DDDDDDDDD*\n**DDDDDDD**\n***DDDDD***\n****DDD****\n*****D*****\n"},{"input":"31\n","output":"***************D***************\n**************DDD**************\n*************DDDDD*************\n************DDDDDDD************\n***********DDDDDDDDD***********\n**********DDDDDDDDDDD**********\n*********DDDDDDDDDDDDD*********\n********DDDDDDDDDDDDDDD********\n*******DDDDDDDDDDDDDDDDD*******\n******DDDDDDDDDDDDDDDDDDD******\n*****DDDDDDDDDDDDDDDDDDDDD*****\n****DDDDDDDDDDDDDDDDDDDDDDD****\n***DDDDDDDDDDDDDDDDDDDDDDDDD***\n**DDDDDDDDDDDDDDDDDDDDDDDDDDD**\n*DDDDDDDDDDDDDDDDDDDDDDDDDDDDD*\nDDDDDDDDDDDDDDDDDDDDDDDDDDDDDDD\n*DDDDDDDDDDDDDDDDDDDDDDDDDDDDD*\n**DDDDDDDDDDDDDDDDDDDDDDDDDDD**\n***DDDDDDDDDDDDDDDDDDDDDDDDD***\n****DDDDDDDDDDDDDDDDDDDDDDD****\n*****DDDDDDDDDDDDDDDDDDDDD*****\n******DDDDDDDDDDDDDDDDDDD******\n*******DDDDDDDDDDDDDDDDD*******\n********DDDDDDDDDDDDDDD********\n*********DDDDDDDDDDDDD*********\n**********DDDDDDDDDDD**********\n***********DDDDDDDDD***********\n************DDDDDDD************\n*************DDDDD*************\n**************DDD**************\n***************D***************\n"}]