[{"input":"3\n9 you are a good boy ha ha o yeah\n13 o my god you like bleach naruto one piece and so do i\n11 but i do not think you will get all the points\n5\nyou\ni\no\nall\nnaruto","output":"1 2 3 \n2 3 \n1 2 \n3 \n2 \n"},{"input":"3\n9 you are a good boy ha ha o yeah\n13 o my god you like bleach naruto one piece and so do i\n11 but i do not think you will get all the points\n2\nand\nmeet","output":"2 \n \n"},{"input":"3\n9 you are a good boy ha ha o yeah\n13 o my god you like bleach naruto one piece and so do i\n11 but i do not think you will get all the points\n5\nyou\ncat\no\nall\nnaruto","output":"1 2 3 \n \n1 2 \n3 \n2 \n"},{"input":"3\n9 you are a good boy ha ha o yeah\n13 o my god you like bleach naruto one piece and so do i\n11 but i do not think you will get all the points\n2\nmeat\ngod","output":" \n2 \n"},{"input":"3\n9 you are a good boy ha ha o yeah\n13 o my god you like bleach naruto one piece and so do i\n11 but i do not think you will get all the points\n1\nbut","output":"3 \n"}]