[{"input":"5 100\n10 20 50 60 65\n","output":"20\n"},{"input":"2 2\n4 3\n","output":"2\n"},{"input":"10 10\n40 40 40 60 65 55 30 29 31 55\n","output":"36\n"},{"input":"10 1\n1 2 1 4 1 4 1 1 1 1","output":"58\n"},{"input":"1 1\n1\n","output":"0\n"},{"input":"5 10\n10 20 50 60 65\n","output":"6\n"},{"input":"10 1\n1 1 1 1 1 1 1 1 1 1\n","output":"90\n"},{"input":"10 10\n10 20 50 60 65 55 30 29 31 55\n","output":"30\n"},{"input":"5 10\n55 30 29 31 55\n","output":"8\n"},{"input":"5 1\n55 30 29 31 55\n","output":"6\n"}]