[{"input":"2 0 0\n10000 -10000\n-10000 10000\n","output":"1\n"},{"input":"4 0 0\n1 1\n2 2\n2 0\n-1 -1\n","output":"2\n"},{"input":"10 -4 -4\n2 -4\n2 0\n-4 2\n5 -4\n-3 -5\n1 4\n-4 2\n-3 5\n0 -3\n2 4\n","output":"8\n"},{"input":"2 1 2\n1 1\n1 0\n","output":"1\n"},{"input":"2 -10000 -10000\n10000 10000\n10000 9999\n","output":"2\n"},{"input":"2 0 0\n10000 -10000\n10000 10000\n","output":"2\n"},{"input":"1 1 1\n0 0\n","output":"1\n"},{"input":"10 5 -3\n1 1\n2 -1\n2 2\n1 -2\n4 -5\n1 4\n0 1\n1 -4\n-2 0\n-4 -5\n","output":"10\n"},{"input":"10 -3 3\n3 -5\n4 3\n0 -2\n0 0\n3 -3\n3 5\n4 1\n5 5\n4 -5\n4 -4\n","output":"8\n"}]