[{"input":"80\n1 0 0 1 0 0 1 0 0 0 1 0 1 0 0 0 1 0 1 0 1 0 0 1 0 1 1 0 0 0 1 0 1 1 0 0 0 0 0 0 0 1 0 1 1 1 0 0 0 0 0 1 1 1 1 1 0 0 1 1 0 0 1 1 1 1 0 0 0 1 1 0 0 0 0 1 0 0 0 1\n","output":"5\n"},{"input":"4\n1 1 1 1\n","output":"0\n"},{"input":"5\n1 1 0 0 0\n","output":"0\n"},{"input":"48\n0 1 0 0 0 0 1 0 1 1 0 0 0 1 1 1 1 0 0 0 0 1 1 0 1 1 1 1 1 1 0 0 0 1 0 1 0 0 0 1 0 0 1 0 0 0 0 0\n","output":"3\n"},{"input":"14\n0 1 1 0 0 0 0 1 0 1 0 0 1 1\n","output":"1\n"},{"input":"13\n1 0 0 1 1 0 0 0 0 0 1 1 0\n","output":"0\n"},{"input":"27\n0 0 0 1 0 0 1 1 1 1 0 0 0 0 0 0 1 0 1 0 1 1 0 1 1 0 1\n","output":"3\n"},{"input":"39\n1 0 0 0 1 1 1 1 0 1 1 1 1 0 1 1 1 1 1 0 1 0 0 1 1 1 0 1 0 1 0 0 1 0 0 1 0 0 1\n","output":"4\n"},{"input":"10\n1 1 0 1 1 0 1 0 1 0\n","output":"2\n"},{"input":"8\n0 0 1 0 1 0 1 0\n","output":"1\n"}]