[{"input":"3\n120\n120\n120\n","output":"YES\n"},{"input":"3\n10\n10\n10\n","output":"NO\n"},{"input":"15\n24\n24\n24\n24\n24\n24\n24\n24\n24\n24\n24\n24\n24\n24\n24\n","output":"YES\n"},{"input":"15\n68\n97\n79\n11\n88\n144\n139\n77\n90\n157\n102\n170\n1\n147\n70\n","output":"YES\n"},{"input":"12\n16\n27\n65\n54\n154\n90\n23\n135\n102\n42\n17\n173\n","output":"YES\n"},{"input":"9\n1\n2\n4\n8\n16\n32\n64\n128\n76\n","output":"NO\n"},{"input":"10\n151\n172\n68\n9\n8\n1\n18\n116\n59\n117\n","output":"NO\n"},{"input":"11\n121\n62\n66\n177\n5\n173\n16\n31\n80\n31\n54\n","output":"YES\n"},{"input":"10\n1\n1\n2\n4\n8\n16\n32\n64\n128\n76\n","output":"YES\n"},{"input":"3\n10\n20\n30\n","output":"YES\n"}]