[{"input":"23\n5 5 5 5 5 5 5 5 5 5 5 5 5 5 5 5 5 5 0 0 0 0 0\n","output":"55555555555555555500000\n"},{"input":"9\n5 5 5 5 5 5 5 5 5\n","output":"-1\n"},{"input":"1\n0\n","output":"0\n"},{"input":"4\n5 0 5 0\n","output":"0\n"},{"input":"1\n5\n","output":"-1\n"},{"input":"7\n5 5 5 5 5 5 5\n","output":"-1\n"},{"input":"10\n5 5 5 5 5 0 0 5 0 5\n","output":"0\n"},{"input":"24\n5 5 5 5 5 5 5 5 5 5 5 5 5 5 5 5 5 5 5 0 0 0 0 0\n","output":"55555555555555555500000\n"},{"input":"11\n5 5 5 5 5 5 5 5 0 5 5\n","output":"5555555550\n"},{"input":"11\n5 0 5 5 5 0 0 5 5 5 5\n","output":"0\n"}]