[{"input":"6 3\n10\n6 3\n6 3\n1 2\n2 2\n3 2\n5 3\n6 1\n3 1\n4 3\n6 1\n9\n3 1\n2 1\n3 1\n4 2\n4 1\n2 2\n6 1\n3 2\n6 2\n","output":"1\n1\n1\n1\n1\n0\n1\n1\n1\n1\n"},{"input":"2 4\n2\n2 4\n1 2\n2\n1 1\n1 1","output":"0\n1\n"},{"input":"1 1\n10\n1 1\n1 1\n1 1\n1 1\n1 1\n1 1\n1 1\n1 1\n1 1\n1 1\n10\n1 1\n1 1\n1 1\n1 1\n1 1\n1 1\n1 1\n1 1\n1 1\n1 1\n","output":"1\n1\n1\n1\n1\n1\n1\n1\n1\n1\n"},{"input":"2 2\n50\n2 1\n2 1\n2 1\n2 1\n1 1\n2 1\n2 1\n2 1\n2 1\n2 1\n2 1\n1 1\n2 1\n2 1\n2 1\n2 1\n2 1\n2 1\n2 1\n2 1\n2 1\n2 1\n2 1\n2 1\n2 1\n2 1\n2 1\n2 1\n2 1\n2 1\n2 1\n2 1\n2 1\n2 1\n2 1\n2 1\n2 1\n2 1\n2 1\n2 1\n2 1\n2 1\n2 1\n2 1\n2 1\n2 1\n1 2\n2 1\n2 1\n2 1\n47\n2 1\n2 1\n2 1\n2 1\n2 1\n2 1\n2 1\n2 1\n2 1\n2 1\n2 1\n2 1\n1 1\n2 1\n1 2\n2 1\n2 1\n2 1\n2 1\n2 1\n2 1\n2 1\n1 1\n2 1\n2 1\n2 1\n2 1\n2 1\n2 1\n1 2\n2 1\n2 1\n1 2\n1 2\n2 1\n2 1\n2 1\n2 1\n2 1\n2 1\n2 1\n2 1\n2 1\n2 1\n1 1\n2 1\n2 1\n","output":"0\n0\n0\n0\n1\n0\n0\n0\n0\n0\n0\n1\n0\n0\n0\n0\n0\n0\n0\n0\n0\n0\n0\n0\n0\n0\n0\n0\n0\n0\n0\n0\n0\n0\n0\n0\n0\n0\n0\n0\n0\n0\n0\n0\n0\n0\n1\n0\n0\n0\n"},{"input":"2 4\n3\n2 3\n2 4\n1 2\n2\n2 2\n1 1","output":"0\n0\n1\n"},{"input":"6 4\n6\n1 2\n4 1\n6 1\n1 3\n1 2\n2 4\n5\n5 1\n2 2\n5 2\n6 4\n6 1","output":"1\n1\n1\n0\n1\n1\n"},{"input":"1 1\n9\n1 1\n1 1\n1 1\n1 1\n1 1\n1 1\n1 1\n1 1\n1 1\n9\n1 1\n1 1\n1 1\n1 1\n1 1\n1 1\n1 1\n1 1\n1 1\n","output":"1\n1\n1\n1\n1\n1\n1\n1\n1\n"},{"input":"9 7\n10\n6 1\n1 5\n2 3\n5 6\n1 2\n8 1\n2 2\n1 1\n6 7\n8 6\n9\n5 1\n6 7\n9 4\n3 6\n7 7\n6 5\n6 1\n9 3\n6 6\n","output":"1\n1\n1\n1\n0\n1\n0\n1\n1\n1\n"},{"input":"8 3\n10\n3 2\n7 1\n1 2\n2 3\n7 2\n2 2\n7 1\n2 2\n7 2\n2 2\n10\n8 2\n5 1\n7 1\n3 1\n7 1\n8 3\n5 2\n3 1\n2 2\n8 3\n","output":"1\n1\n0\n1\n1\n0\n1\n0\n1\n0\n"}]