[{"input":"4 4\n....\n#...\n#.#.\n#...","output":"0\n"},{"input":"8 9\n.........\n..##...#.\n.....#..#\n....##..#\n.........\n##..#...#\n........#\n.#.....#.","output":"1\n8 9\n"},{"input":"2 2\n#.\n..","output":"2\n1 2\n2 1\n"},{"input":"9 9\n.#.#.....\n....#..##\n...##....\n#..#....#\n..#..#...\n#...#.###\n..####...\n...##.##.\n.#..#.##.","output":"27\n1 1\n1 3\n1 5\n1 7\n1 9\n2 2\n2 4\n2 6\n3 1\n3 3\n3 7\n3 9\n4 2\n4 6\n4 8\n5 1\n5 5\n5 7\n5 9\n6 2\n6 4\n6 6\n7 1\n7 7\n7 9\n9 1\n9 9\n"},{"input":"4 4\n.##.\n###.\n...#\n....","output":"5\n1 1\n3 1\n3 3\n4 2\n4 4\n"},{"input":"7 8\n..###..#\n..##....\n..#.....\n#...#.#.\n.###.#.#\n.##.....\n..######","output":"17\n1 1\n1 7\n2 2\n2 6\n2 8\n3 1\n3 5\n3 7\n4 2\n4 4\n4 6\n4 8\n5 5\n5 7\n6 4\n6 6\n6 8\n"},{"input":"10 10\n..#.......\n..##.....#\n...#.##...\n##.##.##..\n....#.....\n......####\n....###...\n..#..#....\n.##.#.....\n#..#..##..","output":"35\n1 1\n1 4\n1 6\n1 8\n1 10\n2 2\n2 7\n2 9\n3 1\n3 3\n3 8\n3 10\n4 6\n4 9\n5 1\n5 3\n5 10\n6 2\n6 4\n6 6\n7 1\n7 3\n7 8\n7 10\n8 2\n8 5\n8 7\n8 9\n9 1\n9 4\n9 6\n9 8\n9 10\n10 5\n10 9\n"}]