[
  {
    "input": "5 7\n1 2 13\n2 3 2\n2 4 5\n3 5 7\n1 3 10\n4 5 12\n2 5 6",
    "output": "10"
  },
  {
    "input": "7 9\n1 3 3\n2 3 5\n2 4 14\n2 5 8\n1 6 16\n1 7 4\n3 5 24\n4 7 9\n6 7 15",
    "output": "15"
  },
  {
    "input": "3 3\n1 2 23\n2 3 1000\n1 3 43",
    "output": "43"
  },
  {
    "input": "8 10 \n1 3 3\n2 3 5\n2 4 8\n2 5 8\n1 6 1\n1 7 3\n3 5 5\n3 8 6\n4 7 2\n6 7 3",
    "output": "6"
  },
  {
    "input": "5 7\n1 2 34\n2 3 2\n2 4 16\n3 5 7\n1 3 10\n4 5 12\n2 5 26",
    "output": "12"
  }
]
