[{"input":"31 20\nxx**xxxx***#xx*#x*x#\n*#x*x*xx*#*x*xxx##*x\nxx#x*x###*####xx**#*\n#*xxx*x####*##*#***#\n###*xxxx#*#x*x*xx##x\nxxx**x*#*x##*x*x##xx\n#*###x*x*xx#*#x#*#*x\n#*#xx**##x#x*#x****#\n###*#xxx*#x#x#**##**\n#xx#x**xxx*###x##x#x\n*x*#xx#*x##xxx*##*#*\nxx###xx#x#***x#x###*\n*#**xx#*xx#**#*x#xxx\n*x##x#x*xxx*#**x**#x\n#*xx*##***x#xx*x**x*\n***##x*#x#**##x#*#*x\nxx##xxxxxxxxx#xxx#x#\n#x###xx###x#xx######\nxx#xx####xxx#####x##\nx###x######x#xx#xx#x\nx#x####x##x#######xx\nxxxxxxx######xx#####\n#####x##x###x###x#xx\n####xx#xx###x####xxx\n#x####xx#x#xxx###x#x\n#####x##x##xxx##x#x#\n#x##########xx##x###\nx##x####x#x#####xx##\nx####x####xx###x###x\n####x##x#x###x####x#\n##xx##x#####x##x##x#","output":"48"},{"input":"31 20\nx#xx#*###x#*#*#*xx**\nx#*x*##*###*x**#*x*#\n###***###x*##x#x****\nxx#x#x**#x#x#*xxx##*\n*###xx**xx*x##x##xxx\n##x#x#x##x#x#x##x###\nx####x##x###xxx#####\n###x####x#xx#x###x#x\n##x###x###xx#xxxx###\n#xx#x#x###xxx##x####\n#x###xx##x######x###\n#####x#######x##x##x\n#######x#x###xx#####\nx########x#####x####\nxx#######xx#######x#\nx######x#x#x####xxx#\nx##x#xxx#x##xxx###xx\nx#xx###x####x#xx####\nx####x###x####x####x\n#####x#x####x##x####\nx###x####xxx#x#x##x#\n#x######x#xx#######x\nx###xx##x#x######x#x\n#x#####x##x#########\n#x##x######xxx#xx###\n##########xx########\nx###x##x#x####xxxx##\nxx#x###x#x###x####x#\n#######x##x###x#####\n###x####xx######x###\nx#x#x####x#x##x#####","output":"15"},{"input":"50 50\nxx###*#*xx*xx#x*x###x*#xx*x*#*#x*####xx**x*x***xx*\n*####*x*#*x###x#*#x****#*x*#x*x#***x*xxxxx#*###**x\n*#x#**x***#*xx*##xx*x****#x****##*#x#*#x**##*#xx##\n*xxxxxxx*#*xxxx##xx***##x#****#*#*##x#xx****#*#*#x\n##*#x###x*x*x#x*#*###x*#xxxx*#xx*#x**##x#x*x#**x##\nx*****#x**#x#*****x*##x*#xxx*x#xxx###x****x*x*x*##\n*xx*##****##x***xx*xx###xx#*#*#*#*xxxx**##*#*xxx*x\n*##*#*#*x****###**x#xxx***x*###x**#xxxx*x*x*****x#\n#x#x#xx**xx*xxx*x**##**x**##x*x#*#*#*x#xx#*x***#x*\n*#x*#*x#x##xx*#*x###xxx###xxx#*#**###*xx#xx##*x*xx\nx#x*#**#*#xx#x##xx*xx#*##xx#xx#*xxx*#x**x**xx*x#*#\nx*#xx#*#x**x*x#**#x*#x**#**#xx#*x***#*#xxxx*##*#*x\nxx#xxx*##*****#xx*xx*x**xx*x#*xx**###*#*##*x*#*#x*\n*x#*x#*#x*x#*x*#xxxx****xx#*x##*x#x*x*x#*#*xx#xx##\nx*#x*x*#***#*x*xx##*xx*x***##*#**x****#**##*#xx#xx\n***#*#*x#x#xxxx**#x*x**##*xx#*#**#*x***x*####x*xxx\nx##*xxx##*#*#x*x****x**#x#**x#***##xx#x#**#**x*#*#\n##x***#*#x#**x#x##**xx**#x####*xxx**#**xx*#**x##x*\n*x#xxxx*x##xxx#*xx*x#**#####x***x#*****x###x#xx#**\n#*x##x#*#**x*xx*##**#**x#xx*##x**x*xx*###x#*#x***x\n##*###*##x##*x*#*x#x**#*#xx#x##*x*#*x###x#**xx*#*#\n**#*####xxxxxxx#x*x##***x*x*#*#x****xx*##x#**xx*#*\nxxx#*#xxx#x#x*##*###x##x*##x##**x*xx#*x#x#*x*#xx*#\n*#***x*x##*##***xxx*xx*x*x**x*x#x*x*#x##x#*#*x**xx\n*xx**xx*x**#***x#*x#xx*x*xx*x*xxxx*x**x*x#*x*#*x#*\n#*x*#**###*##x#**##*#*##*x##x*x#x*xx#xx#xx#x*#x#xx\nx#*##**x#*#xxxx#*xx#x#*#xx**###*#xx#*#*xx*x***x##*\n##**##**xx#x**xx#**x#x###x***#*x*#x#*xxxx*x*xx#*#x\nx#x*****xxx*#xxxx*x*x###***x*#*##*xxx##x#**x*#x*x*\n*xx##xx*****x#*#x*x*x*x*#xx*#*xx#*x***xx*x#x****x*\n#*#*#xxxx#x**#*#x*xx#**##xxx####***#*#x*xx#*#*x#x*\n#*x*x##*####*###x**#*x#x*#*###*xx#*x######*x#xx#**\n#*x**x#*####xxxx*xx#x*#x*#*xx#*#x#x*#xxx*#xxx*xx*#\n#x*#**#x#***#*xx###x#*xx*x**x##**xx***xx#*x*#xx#xx\n**#x*#x*x*#xx**##*###*xx#####*#x##x#*##***#**xx*x#\n*#x***xx#x*##x#*x#*x***#x*x#xxxx*x*xx*x**#*#***x**\n#*#xx*#x*#***####*x#*x###x#**x#x#x#x#*#x#x##x##*x#\nx*#x*x*x*#x##xx*x##xxxx*#xxxxx#****#**#*x*###xx#xx\n**#x#xxxx##x*##x*#x***xxxxx*#x##*x*xx#*x*x###*#x#x\n**xxxxx*x**x#*x##x*#x##xxxxx##x#*xx###*#xxxxx#**#x\nx*xx*x**##xx****xx*x###x##**#xx**#x##*x#xx*#x#*xx#\n######**#****x##*####**#**x####**#x****x#xx*##**x#\n#xx*xxx**#*x#x#xx**##*x#*x**x#*####x*#*x#x*#*##*xx\n#x*x##xxx*#*#x###*x*x#x#***#x*#x**#**#****x*x*####\n#xx**#**x*#*#**x*****x****xx#x#**#xx#x*x#*##x*#*xx\n***x#x*x**x#**#*x##*x****xx*x*xx#*xx*#x*###x##xx#x\n#x**x#x#x##*###**##*##**##*#*#xx*####x#x##x*#**xx*\n##*#x#x#*###xx**#***x**##x*x*#x#x##*x*xxx####x***#\nx#x*x*##x##**x*xx#x##xx##*xx*#x*#*x***###x*xx###*x\n**x##xxx*x*#**#x##*#x*#x##x***###xxx*##x#*#*##x**x","output":"354"},{"input":"50 50\n**************************************************\n**************************************************\n**************************************************\n**************************************************\n**************************************************\n**************************************************\n**************************************************\n**************************************************\n**************************************************\n**************************************************\n**************************************************\n**************************************************\n**************************************************\n**************************************************\n**************************************************\n**************************************************\n**************************************************\n**************************************************\n**************************************************\n**************************************************\n**************************************************\n**************************************************\n**************************************************\n**************************************************\n**************************************************\n**************************************************\n**************************************************\n**************************************************\n**************************************************\n**************************************************\n**************************************************\n**************************************************\n**************************************************\n**************************************************\n**************************************************\n**************************************************\n**************************************************\n**************************************************\n**************************************************\n**************************************************\n**************************************************\n**************************************************\n**************************************************\n**************************************************\n**************************************************\n**************************************************\n**************************************************\n**************************************************\n**************************************************\n**************************************************","output":"50"},{"input":"11 10\n#*x#xx*x#*\n*x*#*xx#*x\n*#*xx*#***\nx#x*x#*xx#\n#x*x####*x\n#x***###x#\nx#####xxxx\n#x###x##xx\n#####xx##x\n###x##xxx#\n#xx######x","output":"12"},{"input":"31 20\n*###**#*xxxxx**x**x#\nx#***xxxxx*##**xx#x*\n****x#xx#x*x***##*x#\n#xx##xx##xx#*##x#***\n#x##**#x*#x##*xxx**x\n#*****#x*x****#xx#xx\n##*****#*#xxx#x###xx\n##x####xxx##########\nx###x##x##x##xx#x#x#\n#x##xx#########x####\n####x#xxx#x#x#xxx##x\n##x#x##xx#######xx##\n######x####x####xx##\n##xxx#xx#x##x#####x#\n#x##x##x#x######xx#x\n##xxxx##############\nx##xx#x####xxx####xx\nx#x#x#x######x#x####\nx#xxx#xx#x####xx####\nx#xx####x#x##x#x#xxx\n#x###x#x#####x#xx###\nx#x######x#x######x#\n##########xx##x#####\n#x#x##x####x#x#x##x#\n#x#x#xxx#x###x######\n########xxxx########\n#x#xx#xxx#x##xxx##xx\n##xxx#xx#x###xx####x\nx#####x#x##x#xx##x##\n######xx###x########\n##x#x#######xx##x#x#","output":"17"},{"input":"50 50\nxx#x#xx##x*#*xx#*xxx#x###*#x##*x##xxx##*#x*xx*##x*\nx#x#*#xx*xxxx*#*##xx##*x*#*xx##xx#**#*#*#*###x*xxx\n*x#x#*#**x#**x#x#*#*xx#x#x#*xx#x#x##*x***x####xxx*\n*#*x#xx#x#****x*#x#x*####x*x######x**#*x##**xxx*x*\n#x#xx*#xx###*xx*#*x**#*#*###****x*#*x##xx*##x####x\n###*#x#xx####xxxx*x**##xxx##x*x*#***##*#xx#x#*x#xx\nx*x**x**#*#x*#*##x#x**x***xx*#**x*xx#*###x***xx***\n*##xx#**#*#**x##**xxxx##x**#*#x##x#x*#*#*#xx*x*x#x\nx***x*x##x##*#*x#*x*xx*xx##x*x#*xxx#xx**#x##*#***#\nxxx*x##x**x#*##x#*#x*#xx###x*x*x*#*#*#xx***x#*##*#\n#*x**###x#*x*#**##***xxx**x#**x*x#***xx#x####*#xx*\n*x#*x#*xx#x#xx**#xx##**#*x******#x*###*#*x#x**x#*#\n*###*xx#xx*xxx*#*x******#****xx*x##xx*#xx*x##*x#*x\nx##xxxx**x*xx***#xx###*x*x#x*x*xxx***xxx*#*#x##***\nxx*#x*x**xx#**#*xx*xx#**#*x****xx###x###*#**x*##**\n***####xx#xxx*x**x****##x##*#x*xx###x*#*##*x*x#xx#\n#*xx*###x**#*xx#x*xx#*#xx#x###**x#x*x*x###*#xxx*x#\n****#*#x*x**x#*x*##**#*x*x*#***#*xxx*x####x##**xx*\n*##x*#x#xxx*#*#*x##*x##*xx**x*x**x###*#***x####x*#\nx*#x**#x**xx#*xx*xx#*#*x###x#*#*x#xx*###xx###x*###\n##xx*x*##xx**#x*#x#x*#*x##*####**##xxx#####x**#*x*\nxxx#x##xx*##***#x#xxx####*#***xx**##*xxxx##x##x#x#\n*x*x**xx**#*x#x**xx*x*xx#x*#x#*#x###*#*x#**#**x**x\nxx*xx*x#**#*x*##x*##xxxx#**xx*#x#**#xxx#**#x###*x*\n**#*#xx**#*xx##*x*xxxx****#x#xx#x#**##x#**xx*#x##x\n*xx*##x*xx##x*#xx*#x#x##x##x****##xx##**#x#xx*##*#\n*x*x*#*##xxx#*x*x***#*x*#xxxx#*xx#x#x#**xx**#***xx\n#**#*###*#xx##xx#*#**#x##xxxx##x*#*#*#*xx#xxx*##x*\n#*#xx##x**x#*x*#xx*****###**x##x##**x*##*#*x*xx#*x\n***#x##x**#xxxx##*##x#*x**#*x*x*xxxxxx*###**x#*##*\nxx##xxx#xx*x*x***x#*#*x##x**#x##x**#**#x*xx#*****x\nx#x*x*x####xx###**x*#*xx**#x#x*#x*xxxxx#x#xx#*xx#x\n**#x*xx##*##***##*#xxx*x*xx*##x##**#x#x#x###**#**x\nx*x#x*x*x*#xx**x#*#***#*x**#*x**###*#x*###**xx*x*x\nx#*x*xx*####*#**#x#x*##*#**xx*#***x#x#x*x*#*x**x#*\n##xxx*x***x####*##**x#x#x*x##*###x*xxx#xx#**#*x##x\n*x*x****#x#*xxx#**x*xx**#xx*x#*#xx*xx#*##x#*#*#*xx\nx#x*#xx#xx*x##*##xxxx**x#*x**#*xx####x#xx#**###xx#\nx*x####xx###*x*x*#*#x*#x*#*xxx*###**#*###x#xx#*#*x\nx#x*x#x#*x**x#*#*xx#x##x*x**x#xx##*#x*#x##***x##*#\nx*##x##xxxx*#**x*#xx***x#*###x#x#x*xx#*####x*##xxx\n##*#x###x****#*##*#x*x*xxx##x##***###x*##x#x*###**\n**#xxx#*#x**###x*#xx*****#x###xx##**x*x*x##*#*x*#x\nx**x#x***#*xx*x*#*x#x#*x*x##**x#x*##*x#**xx*#x*##x\n***##*#*#*#xx**#x**#x**xx*x***x**#***xx#xx*#xx##*x\nx###xx*xx##x**##*x#x*xx*x*#x#*##xx*#x*#x*#xxx**#x*\n*#xx#x#x#xx*##***#****#x*#*###**xxx#x*x#x*##*#x*x#\nx#xxx#*#*xx#*#*xx*####**#***x**##x*x*#*#*##**##**#\n**#x##x###x**x*xxxx*##*****x##*xx#**x##x##**xx#***\nx##*x##x#xx****#*x##x*##*x*xxx##x#*####x#xxxx##x#x","output":"348"},{"input":"4 4\n#***\n*#**\n**#*\nxxx#","output":"5"},{"input":"31 20\n*xx**#x**#x#**#***##\n#*xx*####*##x*x#**##\n#x*x*##*x#xx#xxxx###\n*xx##*x*x***xxx##*#x\n**#x##**xxx#####xx#x\n#x###x#xx###xxx#####\nx#xx##x####x##x#x#x#\n#xx#########x#x#xx##\n##x#xx#x#x###x#x###x\n##x########xx###x##x\n##xx##xxx##x##xx#x##\n#xx#####x##x#x###x##\nx#x#xx#xxx#x#xxx#x#x\n###x###x#xx##x###x#x\n#xxx##x#######x#x###\n##x##x##x#x#x####xx#\n####x###xx######x###\n###x###xx#####x###x#\nxx#xx##x##xx###x####\n###x#xx#x######x####\n###xxx#####xx#x##x##\n##x####x#x##xxxx###x\n#x#x####xx###x####x#\nxxx#x##x##x####xx##x\nx##x#xx####x########\n####x##xxxxxx#x#####\nx#x##xxx#xx####xx###\n###xx###xx#xx#xx####\nxxx######xx#x#####x#\n###xxxxx#xxx##x####x\nxx##x##x#x#xx#x#####","output":"15"},{"input":"50 50\n*#xx#x#****#***##*#xx*xx*x##xxxx###x#**#*#**x##xx*\n*x*x*#x*x#***xx#x##xxx#x*#x*xx#**##x**x#xx***###x#\nx**x#*#xx#x*#****#x*xx*#x##*x#xx#x**#*#*#**#x##x#*\n#*#*##x#*##xx#xxx****x#xxx*x#x#*x#x##x***xx##x#**x\n##*#*####*#**#x*xx**###*#xxx#x#***x*x*x#x#xx##x*x#\n*x**x*x#xxx#*#xx*xx**x*xx**x#*#xxxx*x#*##x#x**xx#x\n#x*x**#*x*##****#x*#*#x#***#xx#xx*xxx*****xx*#xx#*\n#x#xxx#x**x#x#****x###x#**##*x*xx##xx***xxx**##*xx\nx#x*#*xx#x#*****##**#xxx##xx*#x*##x##*#x*xx##x###*\n#x###x#*xx*xxxxx#x*#x***##xxxxxx***##x#*#**x*#*x*#\n#**##x###**#**xx##**#*x*x#*x##**xx****#x*x#**x*#*x\nx##****#*#x#x*xx##*#xx*x**x#**###x**xxx###x*x*####\n##*#**x###*x#**x*#x*##*x#x*#xx*x#x#x##*xxx**xx*##x\n*#*x*x*xx****##x#*##**xxx****x#*#x#**x##x#**##**x#\n#x*xx**x*xxx#**x##xx*xx###x####x**x*##xxx*#x##*#x#\nxxxx***x#*xx##x*****#xx*xxx*#######xx#x#x*##x##x*x\n*x*xx#x****x#**#x###*x*##x*x*##x###*#x*x#**#xx#*#*\nx#*x#*x****#**xx#*x#*x**#*xx#**#x*#*##**xx#x##xx*x\n#*xx#xx*#***x*x*x*x*#x*x##x****#*#xx#*#**#*xx##*#*\n*xxx******#*x#x###x#x#x*#*#xxx*x****x#x##x**x*x#**\n##*#xx*xxxx##x#*#x*#**xxx*#x#**x#x*#*##x##**xx*#**\n#*x#x**#*xx*#*#x**##**##x*#**##*#xx*##*#*#xx#*x#xx\n*x*#*x**#####**#x#x#*x*##*xx#****##*x*###x#x*x*xx*\n*xxxx#*x#*xxxxx##*xx#x#*#x#**x#*xx####**####*x#***\n#*x*##*#xx#*#xx*x**xxxxxx#xxx***xx**#x**#xx*x*x#*#\n#x#xxxx#x#***#xx*#xx**##*x****x*xx*x***#x**#**x#*x\nx*x##x*#*#x##**##x#*#x#*x*x##x*x#*****#*xx*##*#xxx\n*#*xx#****x*x##x##x#xxx*x****x##x#x*xxx*#*x#xxx###\n###*xx#*x**x##xx#x#*x##x###x*#*#x##x##x##xxx*#xxxx\n#*#x#*x#*#**xx*#****x#*#x##*x#*x*#***xx**#x*#xxx*#\n*###*xx##*#x#*x##x#x*xx*#*x#x#*x#x#*#x##*##*####xx\n*x*#**#*####x*#***##xxx*x*###**#x***xx*xxx##x****#\n#x#**xx*##*x##xx#x#*##x*#*xx##x##x#***#####x#*#*##\n*##**#*#xxxxx#xx##*##x#*xx**x#*#xxxx####x**###*#*x\n*#*###**##*#*xxxx*##xx**###**##*#x##x#xx*x*#*xxxx*\nx*x#x*#*#**#x*###**#*##*x**##*xxx#x#x#*#x*xxx**x##\n#*x###x**##x*x#xx#*x#*##x*x#*xxxxxxx**#*xx#x**##x*\nxxx*#x###x***#*x##x***x#***#*x*#*x***##**x#*xxx#x#\nxx*#**x*#x#*##x#x**x#xx#xxx#x#*xx##x##**#xx**#x*#*\n#x###xx#**#x*x*x**##x*#**#*#*xx*xx**#x#*#**###x#*#\nx####*x*x*##xx#*x#*#x*#*x**##***#xxxx*##x*#x#*#x#*\n#x##x*x##**x***##*x**####*xx**#x***x*#xx*xxx*x#x##\nxxx#*x#x#*#*x*x*###x##*xx#xx*x#xx##xx#*#x*##xx##x#\n#*##*#x##xx***x*#**##*#*x##**xx***xx#x#**x*x*#***#\n*##xxx*x#**#xx#x#x**#xx##**##x****#x#x*##*x#x***x*\n#xx###*x#*x**#xxxx*xxx#x***x#***#*x###xxx#*xx***xx\n*x**#x*x#*##x*x*xx##x*x*#*#x*####*#*#x#**#*x###*x*\n*#*##x**#*x##x###xx*##*#*###x##*#x*#x*x*xx*x*#*#*#\n#x##***xxxx*#*xxxx#x#x*#x*#*x##xxx*x##*#****x#x#x#\nx***xx#x#*x#####*xxx**x*#*##x***#****#*#x#xxxxx*x*","output":"367"}]