[{"input":"2\n13\njohn johnny jackie johnny john jackie jamie jamie john johnny jamie johnny john\n3\nandy blake clark","output":"john 4\nandy 1\n"},{"input":"2\n13\njohn johnny jackie johnny john jackie john johnny john johnny jamie john john\n3\nandy clark clark","output":"john 6\nclark 2\n"},{"input":"2\n13\njohn johnny jackie johnny john jackie jamie jamie john johnny jamie johnny john\n3\nandy clark clark","output":"john 4\nclark 2\n"},{"input":"2\n13\njohn johnny jackie johnny john jackie jamie johnny john johnny jamie johnny john\n3\nandy clark clark","output":"johnny 5\nclark 2\n"}]