[{"input":"4\na\nb\ncat\ncats\ndo\ndo\napple\naapple","output":"No\nYes\nYes\nNo\n"},{"input":"2\n112daf\n112dafs\nabcdjkafasdjfnm,vcnnmefm,db,v\nabccCddjkafasdjfnm,vNcnnmefm,db,v","output":"Yes\nYes\n"},{"input":"2\n1\n12\nabcdjkafasdjfnm,vcnnmefm,db,v\nabcCdjkafasdjfnm,vNcnnmefm,db,v","output":"Yes\nYes\n"},{"input":"2\n1\n11\nabcdjkafasdjfnm,vcnnmefm,db,v\nabcCddjkafasdjfnm,vNcnnmefm,db,v","output":"No\nYes\n"},{"input":"2\n1\n112\nabcdjkafasdjfnm,vcnnmefm,db,v\nabccCddjkafasdjfnm,vNcnnmefm,db,v","output":"No\nYes\n"}]