[{"input":"2 3 1\n...\n.#.","output":"1\n"},{"input":"3 3 1\n###\n###\n###","output":"1\n"},{"input":"3 3 3\n.#.\n###\n#.#","output":"20\n"},{"input":"11 15 1000000000000000000\n.....#.........\n....###........\n....####.......\n...######......\n...#######.....\n..##.###.##....\n..##########...\n.###.....####..\n.####...######.\n###############\n#.##..##..##..#","output":"301811921\n"},{"input":"5 5 34587259587\n##..#\n.####\n##..#\n###.#\n..##.","output":"403241370\n"},{"input":"3 3 3\n###\n#.#\n###","output":"1\n"},{"input":"5 5 5390867\n#.#.#\n#.#.#\n###.#\n.####\n.#.#.","output":"436845322\n"}]