[{"input":"3\n2 3 2\n1 1\n","output":"1 1\n"},{"input":"4\n2 1 3\n2 4 2\n","output":"6 2\n"},{"input":"5\n4 5 3 2 4\n1 1\n","output":"1 1\n"},{"input":"6\n2 6 5\n4 1 2 3 4\n","output":"6 1\n"},{"input":"3\n1 2\n2 1 3\n","output":"-1\n"},{"input":"10\n3 7 10 8\n7 4 6 9 2 5 1 3\n","output":"25 1\n"},{"input":"7\n6 6 5 2 7 4 1\n1 3\n","output":"1 1\n"},{"input":"8\n7 2 3 1 5 6 4 8\n1 7\n","output":"15 1\n"},{"input":"3\n2 2 1\n1 3\n","output":"2 2\n"},{"input":"9\n2 3 6\n7 9 7 8 5 2 1 4\n","output":"2 2\n"}]