[{"input":"4\n1 2 4 4\n","output":"3\n"},{"input":"9\n1 3 3 6 7 6 8 8 9\n","output":"4\n"},{"input":"1\n1\n","output":"1\n"},{"input":"15\n1 2 3 4 5 6 7 8 9 10 11 12 13 14 15\n","output":"15\n"},{"input":"10\n1 3 4 5 5 6 7 8 9 10\n","output":"7\n"},{"input":"12\n1 2 3 4 5 6 7 8 9 10 11 12\n","output":"12\n"},{"input":"13\n1 2 3 4 5 6 7 8 9 10 11 12 13\n","output":"13\n"},{"input":"10\n4 9 4 10 6 8 9 8 9 10\n","output":"1\n"},{"input":"17\n9 4 3 6 7 6 8 8 9 10 11 12 13 14 15 16 17\n","output":"9\n"},{"input":"11\n1 2 3 4 5 6 7 8 9 10 11\n","output":"11\n"}]