[{"input":"7 5\n7 6 5 4 3 2 1\n1 2\n1 4\n2 3\n2 5\n5 6\n6 7\n3 1\n2 2 2 \n3 1\n1 1 2\n3 1","output":"7\n7\n9\n"},{"input":"5 5\n3 5 7 9 11\n1 2\n1 4\n2 3\n2 5\n3 3\n1 2 1\n3 5\n2 1 2\n3 3","output":"15\n20\n22\n"},{"input":"5 5\n1 2 3 4 5\n1 2\n1 4\n2 3\n2 5\n3 3\n1 2 1\n3 5\n2 1 2\n3 3","output":"6\n9\n13\n"},{"input":"7 5\n7 6 5 4 3 2 1\n1 2\n1 4\n2 3\n2 5\n4 6\n4 7\n3 3\n1 2 1\n3 5\n2 1 2\n3 3","output":"18\n17\n25\n"},{"input":"7 5\n7 6 5 4 3 2 1\n1 2\n1 4\n2 3\n2 5\n5 6\n6 7\n3 2\n2 2 2 \n3 2\n1 1 2\n3 2","output":"13\n15\n17\n"}]