[{"input":"10 6\n6 3 9\n3 1 4\n1 0 2\n2 0 0\n4 0 5\n5 0 0\n9 8 10\n10 0 0\n8 7 0\n7 0 0\n4 5","output":"4\n"},{"input":"10 6\n6 3 9\n3 1 4\n1 0 2\n2 0 0\n4 0 5\n5 0 0\n9 8 10\n10 0 0\n8 7 0\n7 0 0\n1 8","output":"6\n"},{"input":"10 6\n6 3 9\n3 1 4\n1 0 2\n2 0 0\n4 0 5\n5 0 0\n9 8 10\n10 0 0\n8 7 0\n7 0 0\n1 5","output":"3\n"},{"input":"8 1\n1 2 3\n2 4 5\n4 0 0\n5 0 0\n3 6 7\n6 0 0\n7 8 0\n8 0 0\n4 5","output":"2\n"},{"input":"10 6\n6 3 9\n3 1 4\n1 0 2\n2 0 0\n4 0 5\n5 0 0\n9 8 10\n10 0 0\n8 7 0\n7 0 0\n8 10","output":"9\n"}]