[{"input":"dabcabcabcabca","output":"5\n"},{"input":"ltanjmogjqdbvtxdsdrfuuohgkgldmcofdcorsucizgdudipga\n","output":"2\n"},{"input":"ghgdseyyihdxbojdlrybmmmmmmmmmmmmmmmmmmmm\n","output":"20\n"},{"input":"abracadabra","output":"3\n"},{"input":"babacabadabacabaeabacabadabacabafabacabadabacabaea\n","output":"5\n"},{"input":"avmavmavmavmavmavwavmavmavmavmavmavwavmavmavmavmav\n","output":"7\n"},{"input":"aaabaaabaaabaaacaaabaaabaaabaaacaaabaaabaaabaaacaa\n","output":"8\n"},{"input":"qaqaqzz","output":"3\n"},{"input":"baaabaaabaaabaaacaaabaaabaaabaaacaaabaaabaaabaaaca\n","output":"8\n"},{"input":"ulsgqefystqdcwibgjfbdjamomjlipeecyksepswkjzmfjnnsv\n","output":"2\n"}]