[{"input":"3","output":"*D*\nDDD\n*D*\n"},{"input":"15","output":"*******D*******\n******DDD******\n*****DDDDD*****\n****DDDDDDD****\n***DDDDDDDDD***\n**DDDDDDDDDDD**\n*DDDDDDDDDDDDD*\nDDDDDDDDDDDDDDD\n*DDDDDDDDDDDDD*\n**DDDDDDDDDDD**\n***DDDDDDDDD***\n****DDDDDDD****\n*****DDDDD*****\n******DDD******\n*******D*******\n"},{"input":"5","output":"**D**\n*DDD*\nDDDDD\n*DDD*\n**D**\n"},{"input":"7","output":"***D***\n**DDD**\n*DDDDD*\nDDDDDDD\n*DDDDD*\n**DDD**\n***D***\n"},{"input":"31","output":"***************D***************\n**************DDD**************\n*************DDDDD*************\n************DDDDDDD************\n***********DDDDDDDDD***********\n**********DDDDDDDDDDD**********\n*********DDDDDDDDDDDDD*********\n********DDDDDDDDDDDDDDD********\n*******DDDDDDDDDDDDDDDDD*******\n******DDDDDDDDDDDDDDDDDDD******\n*****DDDDDDDDDDDDDDDDDDDDD*****\n****DDDDDDDDDDDDDDDDDDDDDDD****\n***DDDDDDDDDDDDDDDDDDDDDDDDD***\n**DDDDDDDDDDDDDDDDDDDDDDDDDDD**\n*DDDDDDDDDDDDDDDDDDDDDDDDDDDDD*\nDDDDDDDDDDDDDDDDDDDDDDDDDDDDDDD\n*DDDDDDDDDDDDDDDDDDDDDDDDDDDDD*\n**DDDDDDDDDDDDDDDDDDDDDDDDDDD**\n***DDDDDDDDDDDDDDDDDDDDDDDDD***\n****DDDDDDDDDDDDDDDDDDDDDDD****\n*****DDDDDDDDDDDDDDDDDDDDD*****\n******DDDDDDDDDDDDDDDDDDD******\n*******DDDDDDDDDDDDDDDDD*******\n********DDDDDDDDDDDDDDD********\n*********DDDDDDDDDDDDD*********\n**********DDDDDDDDDDD**********\n***********DDDDDDDDD***********\n************DDDDDDD************\n*************DDDDD*************\n**************DDD**************\n***************D***************\n"}]