[{"input":"7 7\n7 4 9\n4 3 6\n3 0 0\n6 0 0\n9 8 10\n8 0 0\n10 0 0","output":"Level 1 : 7\nLevel 2 : 4 9\nLevel 3 : 3 6 8 10\nLevel 1 from left to right: 7\nLevel 2 from right to left: 9 4\nLevel 3 from left to right: 3 6 8 10\n"},{"input":"8 1\n1 2 3\n2 4 0\n4 0 0\n3 5 6\n5 7 8\n6 0 0\n7 0 0\n8 0 0","output":"Level 1 : 1\nLevel 2 : 2 3\nLevel 3 : 4 5 6\nLevel 4 : 7 8\nLevel 1 from left to right: 1\nLevel 2 from right to left: 3 2\nLevel 3 from left to right: 4 5 6\nLevel 4 from right to left: 8 7\n"},{"input":"11 1\n1 2 8\n2 3 4\n3 0 0\n4 5 6\n5 0 0\n6 7 0\n7 0 0\n8 9 10\n9 0 0\n10 0 11\n11 0 0","output":"Level 1 : 1\nLevel 2 : 2 8\nLevel 3 : 3 4 9 10\nLevel 4 : 5 6 11\nLevel 5 : 7\nLevel 1 from left to right: 1\nLevel 2 from right to left: 8 2\nLevel 3 from left to right: 3 4 9 10\nLevel 4 from right to left: 11 6 5\nLevel 5 from left to right: 7\n"},{"input":"10 1\n1 2 3\n2 4 0\n4 9 0\n9 0 0\n3 5 6\n5 7 8\n6 0 0\n7 0 0\n8 10 0\n10 0 0","output":"Level 1 : 1\nLevel 2 : 2 3\nLevel 3 : 4 5 6\nLevel 4 : 9 7 8\nLevel 5 : 10\nLevel 1 from left to right: 1\nLevel 2 from right to left: 3 2\nLevel 3 from left to right: 4 5 6\nLevel 4 from right to left: 8 7 9\nLevel 5 from left to right: 10\n"}]